date,transactions
2013-01-01,770
2013-01-02,93215
2013-01-03,78504
2013-01-04,78494
2013-01-05,93573
2013-01-06,90464
2013-01-07,75597
2013-01-08,72325
2013-01-09,71971
2013-01-10,66383
2013-01-11,70338
2013-01-12,85511
2013-01-13,86306
2013-01-14,70078
2013-01-15,71134
2013-01-16,72471
2013-01-17,68873
2013-01-18,71371
2013-01-19,88558
2013-01-20,85281
2013-01-21,73250
2013-01-22,68988
2013-01-23,69819
2013-01-24,63705
2013-01-25,71273
2013-01-26,88022
2013-01-27,83304
2013-01-28,70389
2013-01-29,68435
2013-01-30,70888
2013-01-31,70268
2013-02-01,78302
2013-02-02,97347
2013-02-03,87026
2013-02-04,75330
2013-02-05,76206
2013-02-06,75291
2013-02-07,72789
2013-02-08,79726
2013-02-09,90342
2013-02-10,69963
2013-02-11,67222
2013-02-12,71808
2013-02-13,80098
2013-02-14,88681
2013-02-15,75789
2013-02-16,92816
2013-02-17,77449
2013-02-18,76437
2013-02-19,70645
2013-02-20,73812
2013-02-21,68246
2013-02-22,70914
2013-02-23,88390
2013-02-24,84125
2013-02-25,72167
2013-02-26,68706
2013-02-27,70170
2013-02-28,69818
2013-03-01,79524
2013-03-02,98616
2013-03-03,92716
2013-03-04,79078
2013-03-05,75134
2013-03-06,76519
2013-03-07,73910
2013-03-08,78231
2013-03-09,92462
2013-03-10,86322
2013-03-11,75161
2013-03-12,69346
2013-03-13,72010
2013-03-14,67393
2013-03-15,75533
2013-03-16,91900
2013-03-17,89346
2013-03-18,74418
2013-03-19,71841
2013-03-20,74145
2013-03-21,69157
2013-03-22,71990
2013-03-23,91923
2013-03-24,83439
2013-03-25,72992
2013-03-26,68469
2013-03-27,74049
2013-03-28,82104
2013-03-29,77781
2013-03-30,90611
2013-03-31,82563
2013-04-01,81678
2013-04-02,77165
2013-04-03,78534
2013-04-04,72217
2013-04-05,74928
2013-04-06,94844
2013-04-07,89183
2013-04-08,75161
2013-04-09,71416
2013-04-10,73989
2013-04-11,71907
2013-04-12,75403
2013-04-13,92166
2013-04-14,86803
2013-04-15,76251
2013-04-16,74187
2013-04-17,74529
2013-04-18,68343
2013-04-19,73119
2013-04-20,92014
2013-04-21,87401
2013-04-22,75157
2013-04-23,71657
2013-04-24,73003
2013-04-25,68917
2013-04-26,72813
2013-04-27,89825
2013-04-28,86773
2013-04-29,72009
2013-04-30,73513
2013-05-01,90548
2013-05-02,73639
2013-05-03,76685
2013-05-04,96689
2013-05-05,95212
2013-05-06,76383
2013-05-07,72563
2013-05-08,74802
2013-05-09,75025
2013-05-10,80282
2013-05-11,111484
2013-05-12,89790
2013-05-13,75625
2013-05-14,71589
2013-05-15,74401
2013-05-16,71287
2013-05-17,74705
2013-05-18,91973
2013-05-19,89031
2013-05-20,74613
2013-05-21,70601
2013-05-22,71763
2013-05-23,70843
2013-05-24,78945
2013-05-25,85230
2013-05-26,81869
2013-05-27,72144
2013-05-28,71801
2013-05-29,73970
2013-05-30,77052
2013-05-31,76921
2013-06-01,101740
2013-06-02,98018
2013-06-03,80648
2013-06-04,76213
2013-06-05,77605
2013-06-06,72282
2013-06-07,79014
2013-06-08,89783
2013-06-09,89751
2013-06-10,74546
2013-06-11,68636
2013-06-12,73386
2013-06-13,69703
2013-06-14,76434
2013-06-15,102541
2013-06-16,87839
2013-06-17,76236
2013-06-18,73179
2013-06-19,68613
2013-06-20,69984
2013-06-21,73717
2013-06-22,88681
2013-06-23,86152
2013-06-24,73403
2013-06-25,70549
2013-06-26,71009
2013-06-27,67340
2013-06-28,74172
2013-06-29,93531
2013-06-30,87501
2013-07-01,81850
2013-07-02,79187
2013-07-03,78437
2013-07-04,75664
2013-07-05,77710
2013-07-06,92132
2013-07-07,87219
2013-07-08,77464
2013-07-09,73041
2013-07-10,73319
2013-07-11,68662
2013-07-12,73261
2013-07-13,88063
2013-07-14,81622
2013-07-15,76717
2013-07-16,75755
2013-07-17,73859
2013-07-18,69399
2013-07-19,73231
2013-07-20,87653
2013-07-21,80799
2013-07-22,75771
2013-07-23,73650
2013-07-24,72876
2013-07-25,70760
2013-07-26,74270
2013-07-27,86632
2013-07-28,79729
2013-07-29,72911
2013-07-30,72512
2013-07-31,77813
2013-08-01,78740
2013-08-02,79127
2013-08-03,93926
2013-08-04,86805
2013-08-05,82080
2013-08-06,77927
2013-08-07,77426
2013-08-08,72592
2013-08-09,77361
2013-08-10,85444
2013-08-11,80268
2013-08-12,76317
2013-08-13,74660
2013-08-14,74211
2013-08-15,74220
2013-08-16,79668
2013-08-17,88888
2013-08-18,83247
2013-08-19,77100
2013-08-20,76629
2013-08-21,76613
2013-08-22,71220
2013-08-23,75844
2013-08-24,87502
2013-08-25,82558
2013-08-26,76173
2013-08-27,73568
2013-08-28,74979
2013-08-29,71897
2013-08-30,77749
2013-08-31,96400
2013-09-01,95871
2013-09-02,84388
2013-09-03,79834
2013-09-04,80360
2013-09-05,74704
2013-09-06,74579
2013-09-07,95846
2013-09-08,94015
2013-09-09,77169
2013-09-10,72483
2013-09-11,74287
2013-09-12,68478
2013-09-13,73019
2013-09-14,92336
2013-09-15,90410
2013-09-16,77189
2013-09-17,72907
2013-09-18,72512
2013-09-19,67209
2013-09-20,74285
2013-09-21,91544
2013-09-22,87513
2013-09-23,75213
2013-09-24,70348
2013-09-25,71613
2013-09-26,66914
2013-09-27,72409
2013-09-28,91304
2013-09-29,87268
2013-09-30,74455
2013-10-01,80690
2013-10-02,80520
2013-10-03,73793
2013-10-04,78169
2013-10-05,97345
2013-10-06,91143
2013-10-07,77290
2013-10-08,73728
2013-10-09,73206
2013-10-10,71249
2013-10-11,80838
2013-10-12,85003
2013-10-13,83357
2013-10-14,72589
2013-10-15,71021
2013-10-16,73902
2013-10-17,70806
2013-10-18,71837
2013-10-19,93205
2013-10-20,91210
2013-10-21,74337
2013-10-22,69581
2013-10-23,71321
2013-10-24,67609
2013-10-25,72010
2013-10-26,89451
2013-10-27,86852
2013-10-28,73374
2013-10-29,69205
2013-10-30,72246
2013-10-31,71553
2013-11-01,79385
2013-11-02,93949
2013-11-03,91085
2013-11-04,79630
2013-11-05,76352
2013-11-06,76148
2013-11-07,70599
2013-11-08,74646
2013-11-09,91367
2013-11-10,91689
2013-11-11,75194
2013-11-12,72225
2013-11-13,71600
2013-11-14,67268
2013-11-15,74804
2013-11-16,94069
2013-11-17,90357
2013-11-18,76133
2013-11-19,71496
2013-11-20,74998
2013-11-21,69198
2013-11-22,73466
2013-11-23,91187
2013-11-24,87771
2013-11-25,73966
2013-11-26,70690
2013-11-27,71571
2013-11-28,69896
2013-11-29,74816
2013-11-30,94311
2013-12-01,96910
2013-12-02,82768
2013-12-03,79820
2013-12-04,80529
2013-12-05,77466
2013-12-06,80763
2013-12-07,95160
2013-12-08,92142
2013-12-09,80274
2013-12-10,79326
2013-12-11,82055
2013-12-12,80045
2013-12-13,84558
2013-12-14,101340
2013-12-15,102239
2013-12-16,92585
2013-12-17,94103
2013-12-18,102356
2013-12-19,109267
2013-12-20,106238
2013-12-21,121425
2013-12-22,118997
2013-12-23,145876
2013-12-24,155846
2013-12-26,96002
2013-12-27,98330
2013-12-28,102858
2013-12-29,88729
2013-12-30,117645
2013-12-31,117214
2014-01-01,1327
2014-01-02,90716
2014-01-03,84488
2014-01-04,101361
2014-01-05,93475
2014-01-06,77784
2014-01-07,75361
2014-01-08,77204
2014-01-09,72575
2014-01-10,75302
2014-01-11,94661
2014-01-12,89216
2014-01-13,75590
2014-01-14,71724
2014-01-15,74904
2014-01-16,73914
2014-01-17,75507
2014-01-18,92853
2014-01-19,88313
2014-01-20,74870
2014-01-21,74384
2014-01-22,72600
2014-01-23,69863
2014-01-24,74881
2014-01-25,89619
2014-01-26,86186
2014-01-27,73833
2014-01-28,71475
2014-01-29,70343
2014-01-30,69738
2014-01-31,79461
2014-02-01,100397
2014-02-02,91157
2014-02-03,82999
2014-02-04,78774
2014-02-05,79153
2014-02-06,75574
2014-02-07,78958
2014-02-08,92697
2014-02-09,83507
2014-02-10,78191
2014-02-11,75239
2014-02-12,79051
2014-02-13,82922
2014-02-14,92671
2014-02-15,93175
2014-02-16,88232
2014-02-17,76721
2014-02-18,73438
2014-02-19,73514
2014-02-20,71024
2014-02-21,75172
2014-02-22,93092
2014-02-23,80419
2014-02-24,77401
2014-02-25,72686
2014-02-26,74042
2014-02-27,73390
2014-02-28,84571
2014-03-01,102182
2014-03-02,79124
2014-03-03,76019
2014-03-04,81818
2014-03-05,84962
2014-03-06,81147
2014-03-07,80361
2014-03-08,94346
2014-03-09,92694
2014-03-10,77536
2014-03-11,75793
2014-03-12,75820
2014-03-13,72982
2014-03-14,77386
2014-03-15,91559
2014-03-16,93240
2014-03-17,80383
2014-03-18,75912
2014-03-19,76911
2014-03-20,74462
2014-03-21,78342
2014-03-22,93889
2014-03-23,89071
2014-03-24,74406
2014-03-25,74454
2014-03-26,74887
2014-03-27,71079
2014-03-28,78180
2014-03-29,95635
2014-03-30,88582
2014-03-31,82265
2014-04-01,84822
2014-04-02,83375
2014-04-03,78063
2014-04-04,81700
2014-04-05,101536
2014-04-06,94488
2014-04-07,80982
2014-04-08,76904
2014-04-09,78352
2014-04-10,76260
2014-04-11,80053
2014-04-12,95879
2014-04-13,88770
2014-04-14,77753
2014-04-15,76278
2014-04-16,81231
2014-04-17,84493
2014-04-18,81003
2014-04-19,92589
2014-04-20,86198
2014-04-21,79111
2014-04-22,75889
2014-04-23,75358
2014-04-24,71753
2014-04-25,75347
2014-04-26,89576
2014-04-27,88583
2014-04-28,73482
2014-04-29,71015
2014-04-30,74823
2014-05-01,87240
2014-05-02,80437
2014-05-03,98252
2014-05-04,93157
2014-05-05,77689
2014-05-06,75193
2014-05-07,77067
2014-05-08,73342
2014-05-09,81067
2014-05-10,108342
2014-05-11,90945
2014-05-12,76000
2014-05-13,73847
2014-05-14,73257
2014-05-15,70281
2014-05-16,75778
2014-05-17,91408
2014-05-18,93334
2014-05-19,75548
2014-05-20,73023
2014-05-21,73409
2014-05-22,68645
2014-05-23,71882
2014-05-24,90183
2014-05-25,88321
2014-05-26,73627
2014-05-27,70265
2014-05-28,71949
2014-05-29,74837
2014-05-30,77930
2014-05-31,97007
2014-06-01,101478
2014-06-02,83193
2014-06-03,79665
2014-06-04,78673
2014-06-05,73882
2014-06-06,77054
2014-06-07,94798
2014-06-08,91509
2014-06-09,76770
2014-06-10,72457
2014-06-11,74691
2014-06-12,70928
2014-06-13,79126
2014-06-14,106217
2014-06-15,81730
2014-06-16,78357
2014-06-17,74593
2014-06-18,73547
2014-06-19,69533
2014-06-20,74637
2014-06-21,90482
2014-06-22,88830
2014-06-23,74621
2014-06-24,69887
2014-06-25,73770
2014-06-26,68189
2014-06-27,73887
2014-06-28,86469
2014-06-29,83832
2014-06-30,76339
2014-07-01,79972
2014-07-02,83075
2014-07-03,77099
2014-07-04,78171
2014-07-05,92536
2014-07-06,90910
2014-07-07,79130
2014-07-08,74393
2014-07-09,73421
2014-07-10,71722
2014-07-11,74586
2014-07-12,89793
2014-07-13,79840
2014-07-14,76320
2014-07-15,76497
2014-07-16,77335
2014-07-17,72365
2014-07-18,76812
2014-07-19,88541
2014-07-20,82660
2014-07-21,77658
2014-07-22,73749
2014-07-23,74346
2014-07-24,72513
2014-07-25,78229
2014-07-26,87657
2014-07-27,81927
2014-07-28,77123
2014-07-29,73622
2014-07-30,74905
2014-07-31,75434
2014-08-01,87196
2014-08-02,97649
2014-08-03,90780
2014-08-04,83158
2014-08-05,79178
2014-08-06,78787
2014-08-07,74620
2014-08-08,78698
2014-08-09,88010
2014-08-10,82185
2014-08-11,78908
2014-08-12,73280
2014-08-13,76370
2014-08-14,73787
2014-08-15,81345
2014-08-16,91797
2014-08-17,87306
2014-08-18,80849
2014-08-19,77282
2014-08-20,79897
2014-08-21,75218
2014-08-22,78705
2014-08-23,89623
2014-08-24,85697
2014-08-25,77287
2014-08-26,74029
2014-08-27,75594
2014-08-28,71897
2014-08-29,78280
2014-08-30,96128
2014-08-31,94032
2014-09-01,87941
2014-09-02,83895
2014-09-03,83264
2014-09-04,76357
2014-09-05,79393
2014-09-06,97051
2014-09-07,97206
2014-09-08,80954
2014-09-09,75647
2014-09-10,77110
2014-09-11,73413
2014-09-12,77324
2014-09-13,94599
2014-09-14,91685
2014-09-15,80209
2014-09-16,78628
2014-09-17,76934
2014-09-18,71000
2014-09-19,75575
2014-09-20,94175
2014-09-21,91092
2014-09-22,76335
2014-09-23,74715
2014-09-24,75802
2014-09-25,70769
2014-09-26,73141
2014-09-27,90831
2014-09-28,89876
2014-09-29,76390
2014-09-30,77820
2014-10-01,84960
2014-10-02,79575
2014-10-03,84217
2014-10-04,99718
2014-10-05,94446
2014-10-06,80160
2014-10-07,78066
2014-10-08,77046
2014-10-09,74220
2014-10-10,83961
2014-10-11,91360
2014-10-12,86736
2014-10-13,76957
2014-10-14,73921
2014-10-15,77781
2014-10-16,73632
2014-10-17,75640
2014-10-18,94313
2014-10-19,92246
2014-10-20,78183
2014-10-21,73577
2014-10-22,73816
2014-10-23,71293
2014-10-24,73477
2014-10-25,92005
2014-10-26,90363
2014-10-27,74434
2014-10-28,72417
2014-10-29,74037
2014-10-30,71373
2014-10-31,79380
2014-11-01,96265
2014-11-02,78183
2014-11-03,91982
2014-11-04,80319
2014-11-05,80883
2014-11-06,75527
2014-11-07,77407
2014-11-08,93764
2014-11-09,92456
2014-11-10,75496
2014-11-11,73496
2014-11-12,75032
2014-11-13,71007
2014-11-14,76645
2014-11-15,92867
2014-11-16,92544
2014-11-17,77532
2014-11-18,74317
2014-11-19,72588
2014-11-20,73630
2014-11-21,77423
2014-11-22,91986
2014-11-23,90947
2014-11-24,76731
2014-11-25,73268
2014-11-26,74865
2014-11-27,71278
2014-11-28,78509
2014-11-29,96504
2014-11-30,96847
2014-12-01,86943
2014-12-02,84903
2014-12-03,82957
2014-12-04,79357
2014-12-05,84023
2014-12-06,95549
2014-12-07,97587
2014-12-08,86182
2014-12-09,82255
2014-12-10,84084
2014-12-11,83115
2014-12-12,86621
2014-12-13,104404
2014-12-14,102605
2014-12-15,94336
2014-12-16,96222
2014-12-17,99887
2014-12-18,102225
2014-12-19,104187
2014-12-20,118293
2014-12-21,118694
2014-12-22,134574
2014-12-23,144513
2014-12-24,156546
2014-12-26,108760
2014-12-27,98956
2014-12-28,86890
2014-12-29,100363
2014-12-30,117100
2014-12-31,126952
2015-01-01,2202
2015-01-02,96809
2015-01-03,96288
2015-01-04,94496
2015-01-05,88880
2015-01-06,82581
2015-01-07,83804
2015-01-08,77474
2015-01-09,79379
2015-01-10,92717
2015-01-11,94679
2015-01-12,79557
2015-01-13,75846
2015-01-14,77003
2015-01-15,73949
2015-01-16,76133
2015-01-17,96331
2015-01-18,92139
2015-01-19,77981
2015-01-20,75810
2015-01-21,77316
2015-01-22,73150
2015-01-23,76086
2015-01-24,94292
2015-01-25,89418
2015-01-26,74534
2015-01-27,71018
2015-01-28,73108
2015-01-29,70000
2015-01-30,79491
2015-01-31,96588
2015-02-01,98364
2015-02-02,84117
2015-02-03,80387
2015-02-04,80565
2015-02-05,78116
2015-02-06,79259
2015-02-07,94991
2015-02-08,88360
2015-02-09,79999
2015-02-10,76983
2015-02-11,78118
2015-02-12,78137
2015-02-13,95708
2015-02-14,105818
2015-02-15,77512
2015-02-16,75439
2015-02-17,79643
2015-02-18,85992
2015-02-19,78446
2015-02-20,84726
2015-02-21,92718
2015-02-22,95074
2015-02-23,76355
2015-02-24,76065
2015-02-25,75253
2015-02-26,71797
2015-02-27,80395
2015-02-28,97647
2015-03-01,100885
2015-03-02,84649
2015-03-03,83100
2015-03-04,84199
2015-03-05,79040
2015-03-06,82542
2015-03-07,102516
2015-03-08,95738
2015-03-09,83173
2015-03-10,82922
2015-03-11,80024
2015-03-12,75430
2015-03-13,80200
2015-03-14,98468
2015-03-15,93123
2015-03-16,81430
2015-03-17,77689
2015-03-18,75660
2015-03-19,74414
2015-03-20,83777
2015-03-21,99233
2015-03-22,93794
2015-03-23,80606
2015-03-24,77293
2015-03-25,77842
2015-03-26,73600
2015-03-27,80951
2015-03-28,94064
2015-03-29,91104
2015-03-30,77318
2015-03-31,80716
2015-04-01,89824
2015-04-02,90983
2015-04-03,85946
2015-04-04,99813
2015-04-05,91181
2015-04-06,85469
2015-04-07,81779
2015-04-08,81262
2015-04-09,76461
2015-04-10,81510
2015-04-11,97337
2015-04-12,95678
2015-04-13,82116
2015-04-14,75244
2015-04-15,80265
2015-04-16,77637
2015-04-17,80726
2015-04-18,99304
2015-04-19,94790
2015-04-20,82615
2015-04-21,78187
2015-04-22,78529
2015-04-23,75289
2015-04-24,79301
2015-04-25,95572
2015-04-26,90784
2015-04-27,77486
2015-04-28,73013
2015-04-29,75690
2015-04-30,79564
2015-05-01,94567
2015-05-02,100716
2015-05-03,94618
2015-05-04,84198
2015-05-05,82729
2015-05-06,83390
2015-05-07,80437
2015-05-08,85892
2015-05-09,115616
2015-05-10,95869
2015-05-11,81414
2015-05-12,77407
2015-05-13,75555
2015-05-14,72043
2015-05-15,80107
2015-05-16,99115
2015-05-17,97521
2015-05-18,80398
2015-05-19,76783
2015-05-20,78779
2015-05-21,74029
2015-05-22,78307
2015-05-23,95351
2015-05-24,93816
2015-05-25,77956
2015-05-26,74097
2015-05-27,76164
2015-05-28,73171
2015-05-29,83081
2015-05-30,102728
2015-05-31,108057
2015-06-01,91732
2015-06-02,84760
2015-06-03,82916
2015-06-04,79588
2015-06-05,83671
2015-06-06,99584
2015-06-07,98730
2015-06-08,81106
2015-06-09,78401
2015-06-10,77775
2015-06-11,73723
2015-06-12,79332
2015-06-13,95583
2015-06-14,93452
2015-06-15,79423
2015-06-16,80948
2015-06-17,80273
2015-06-18,76902
2015-06-19,83715
2015-06-20,108362
2015-06-21,92077
2015-06-22,81755
2015-06-23,78858
2015-06-24,74979
2015-06-25,72661
2015-06-26,78165
2015-06-27,92052
2015-06-28,93170
2015-06-29,76946
2015-06-30,80264
2015-07-01,89117
2015-07-02,83862
2015-07-03,88101
2015-07-04,102116
2015-07-05,94248
2015-07-06,86147
2015-07-07,76716
2015-07-08,84116
2015-07-09,79197
2015-07-10,81733
2015-07-11,91861
2015-07-12,90004
2015-07-13,80081
2015-07-14,76798
2015-07-15,80203
2015-07-16,77483
2015-07-17,82400
2015-07-18,93463
2015-07-19,89543
2015-07-20,82542
2015-07-21,78316
2015-07-22,77969
2015-07-23,74744
2015-07-24,83784
2015-07-25,92906
2015-07-26,90148
2015-07-27,80240
2015-07-28,77193
2015-07-29,78724
2015-07-30,75122
2015-07-31,85907
2015-08-01,105307
2015-08-02,97134
2015-08-03,89639
2015-08-04,85613
2015-08-05,84912
2015-08-06,80008
2015-08-07,85461
2015-08-08,93044
2015-08-09,79233
2015-08-10,87127
2015-08-11,82118
2015-08-12,82224
2015-08-13,77320
2015-08-14,85068
2015-08-15,101204
2015-08-16,91810
2015-08-17,84497
2015-08-18,81121
2015-08-19,81318
2015-08-20,78717
2015-08-21,85259
2015-08-22,94782
2015-08-23,89641
2015-08-24,82462
2015-08-25,78984
2015-08-26,78623
2015-08-27,75910
2015-08-28,81668
2015-08-29,96050
2015-08-30,92502
2015-08-31,86301
2015-09-01,90485
2015-09-02,88953
2015-09-03,83192
2015-09-04,84429
2015-09-05,103308
2015-09-06,100483
2015-09-07,85728
2015-09-08,81290
2015-09-09,81083
2015-09-10,76378
2015-09-11,80722
2015-09-12,96719
2015-09-13,94872
2015-09-14,80058
2015-09-15,80367
2015-09-16,81886
2015-09-17,75483
2015-09-18,80610
2015-09-19,97499
2015-09-20,94345
2015-09-21,81429
2015-09-22,77608
2015-09-23,78775
2015-09-24,73545
2015-09-25,79507
2015-09-26,94388
2015-09-27,92915
2015-09-28,77182
2015-09-29,74165
2015-09-30,77848
2015-10-01,83792
2015-10-02,87428
2015-10-03,105572
2015-10-04,100646
2015-10-05,86220
2015-10-06,80330
2015-10-07,81073
2015-10-08,78172
2015-10-09,90250
2015-10-10,94991
2015-10-11,90881
2015-10-12,80029
2015-10-13,72375
2015-10-14,76395
2015-10-15,75010
2015-10-16,83029
2015-10-17,98871
2015-10-18,96231
2015-10-19,79787
2015-10-20,78289
2015-10-21,78173
2015-10-22,73095
2015-10-23,78019
2015-10-24,93418
2015-10-25,93799
2015-10-26,76122
2015-10-27,73841
2015-10-28,74249
2015-10-29,70572
2015-10-30,81174
2015-10-31,98651
2015-11-01,83827
2015-11-02,80162
2015-11-03,92896
2015-11-04,85572
2015-11-05,78103
2015-11-06,79994
2015-11-07,96498
2015-11-08,96692
2015-11-09,78801
2015-11-10,77488
2015-11-11,77427
2015-11-12,72788
2015-11-13,80292
2015-11-14,96119
2015-11-15,96807
2015-11-16,80136
2015-11-17,76290
2015-11-18,78369
2015-11-19,74410
2015-11-20,83456
2015-11-21,94660
2015-11-22,93697
2015-11-23,78586
2015-11-24,76930
2015-11-25,79328
2015-11-26,74586
2015-11-27,83890
2015-11-28,95616
2015-11-29,99517
2015-11-30,85256
2015-12-01,87991
2015-12-02,88508
2015-12-03,84532
2015-12-04,87033
2015-12-05,100637
2015-12-06,100258
2015-12-07,88424
2015-12-08,83706
2015-12-09,86615
2015-12-10,83880
2015-12-11,89351
2015-12-12,103409
2015-12-13,100875
2015-12-14,88540
2015-12-15,89726
2015-12-16,95973
2015-12-17,98732
2015-12-18,101639
2015-12-19,123810
2015-12-20,120843
2015-12-21,124711
2015-12-22,138921
2015-12-23,153338
2015-12-24,171169
2015-12-26,113594
2015-12-27,93020
2015-12-28,95257
2015-12-29,104623
2015-12-30,118947
2015-12-31,131826
2016-01-02,69628
2016-01-04,17829
2016-01-05,89018
2016-01-06,88846
2016-01-07,80412
2016-01-08,83344
2016-01-09,100975
2016-01-10,97323
2016-01-11,80506
2016-01-12,77696
2016-01-13,76217
2016-01-14,74909
2016-01-15,83105
2016-01-16,99698
2016-01-17,95155
2016-01-18,81486
2016-01-19,76092
2016-01-20,82989
2016-01-21,74141
2016-01-22,79760
2016-01-23,95634
2016-01-24,89786
2016-01-25,76042
2016-01-26,75639
2016-01-27,76912
2016-01-28,73110
2016-01-29,81081
2016-01-30,98201
2016-01-31,95671
2016-02-01,87827
2016-02-02,84928
2016-02-03,84704
2016-02-04,82446
2016-02-05,89355
2016-02-06,100641
2016-02-07,78884
2016-02-08,75047
2016-02-09,79222
2016-02-10,86720
2016-02-11,81444
2016-02-12,87451
2016-02-13,101849
2016-02-14,99462
2016-02-15,83293
2016-02-16,81192
2016-02-17,80996
2016-02-18,74797
2016-02-19,82564
2016-02-20,95533
2016-02-21,91533
2016-02-22,79775
2016-02-23,77672
2016-02-24,78364
2016-02-25,74029
2016-02-26,80200
2016-02-27,95659
2016-02-28,90059
2016-02-29,80152
2016-03-01,87759
2016-03-02,88779
2016-03-03,79787
2016-03-04,86493
2016-03-05,102170
2016-03-06,95178
2016-03-07,84681
2016-03-08,84111
2016-03-09,79580
2016-03-10,76879
2016-03-11,82962
2016-03-12,97275
2016-03-13,90435
2016-03-14,78924
2016-03-15,79651
2016-03-16,81758
2016-03-17,76268
2016-03-18,83179
2016-03-19,96783
2016-03-20,89769
2016-03-21,81185
2016-03-22,77409
2016-03-23,82331
2016-03-24,86834
2016-03-25,78832
2016-03-26,91232
2016-03-27,82305
2016-03-28,76647
2016-03-29,75782
2016-03-30,75656
2016-03-31,77024
2016-04-01,89055
2016-04-02,104451
2016-04-03,103230
2016-04-04,85017
2016-04-05,82629
2016-04-06,81402
2016-04-07,76736
2016-04-08,83533
2016-04-09,97454
2016-04-10,91977
2016-04-11,77860
2016-04-12,82484
2016-04-13,79657
2016-04-14,74291
2016-04-15,82751
2016-04-16,90313
2016-04-17,93018
2016-04-18,103559
2016-04-19,99289
2016-04-20,95079
2016-04-21,85533
2016-04-22,86662
2016-04-23,100468
2016-04-24,93993
2016-04-25,78301
2016-04-26,77218
2016-04-27,77369
2016-04-28,72957
2016-04-29,82711
2016-04-30,102800
2016-05-01,102012
2016-05-02,85259
2016-05-03,85500
2016-05-04,86207
2016-05-05,82198
2016-05-06,91159
2016-05-07,118222
2016-05-08,97132
2016-05-09,82043
2016-05-10,78194
2016-05-11,80761
2016-05-12,76099
2016-05-13,82265
2016-05-14,97755
2016-05-15,95910
2016-05-16,81129
2016-05-17,78372
2016-05-18,74552
2016-05-19,74826
2016-05-20,84185
2016-05-21,97053
2016-05-22,93629
2016-05-23,79595
2016-05-24,74225
2016-05-25,75039
2016-05-26,74328
2016-05-27,88580
2016-05-28,89086
2016-05-29,87606
2016-05-30,80249
2016-05-31,92987
2016-06-01,88574
2016-06-02,79393
2016-06-03,84747
2016-06-04,100607
2016-06-05,97418
2016-06-06,80840
2016-06-07,78126
2016-06-08,79997
2016-06-09,73785
2016-06-10,80306
2016-06-11,93473
2016-06-12,89740
2016-06-13,76448
2016-06-14,75874
2016-06-15,79905
2016-06-16,80605
2016-06-17,85614
2016-06-18,107418
2016-06-19,92469
2016-06-20,80226
2016-06-21,78278
2016-06-22,77260
2016-06-23,72356
2016-06-24,78517
2016-06-25,91094
2016-06-26,88209
2016-06-27,75781
2016-06-28,73787
2016-06-29,76350
2016-06-30,73866
2016-07-01,89711
2016-07-02,101902
2016-07-03,96041
2016-07-04,84992
2016-07-05,82089
2016-07-06,83135
2016-07-07,76107
2016-07-08,83553
2016-07-09,94026
2016-07-10,88752
2016-07-11,78942
2016-07-12,76267
2016-07-13,76173
2016-07-14,73094
2016-07-15,82144
2016-07-16,94503
2016-07-17,87873
2016-07-18,80328
2016-07-19,77023
2016-07-20,81266
2016-07-21,74264
2016-07-22,80531
2016-07-23,91301
2016-07-24,85106
2016-07-25,79203
2016-07-26,76524
2016-07-27,77731
2016-07-28,71935
2016-07-29,82140
2016-07-30,96249
2016-07-31,91182
2016-08-01,87637
2016-08-02,85044
2016-08-03,84532
2016-08-04,78516
2016-08-05,84616
2016-08-06,93146
2016-08-07,87403
2016-08-08,81072
2016-08-09,77133
2016-08-10,79006
2016-08-11,77945
2016-08-12,83425
2016-08-13,84685
2016-08-14,78472
2016-08-15,81379
2016-08-16,81063
2016-08-17,81405
2016-08-18,75159
2016-08-19,82021
2016-08-20,91798
2016-08-21,87188
2016-08-22,80624
2016-08-23,78531
2016-08-24,78434
2016-08-25,73746
2016-08-26,79541
2016-08-27,87841
2016-08-28,83646
2016-08-29,75798
2016-08-30,75043
2016-08-31,80262
2016-09-01,80863
2016-09-02,88068
2016-09-03,99611
2016-09-04,93135
2016-09-05,83275
2016-09-06,83504
2016-09-07,79719
2016-09-08,75262
2016-09-09,79604
2016-09-10,94115
2016-09-11,91610
2016-09-12,77125
2016-09-13,74032
2016-09-14,73096
2016-09-15,74741
2016-09-16,80789
2016-09-17,94298
2016-09-18,92375
2016-09-19,76255
2016-09-20,76572
2016-09-21,76260
2016-09-22,71282
2016-09-23,78422
2016-09-24,90980
2016-09-25,87687
2016-09-26,75050
2016-09-27,68375
2016-09-28,72772
2016-09-29,68972
2016-09-30,79125
2016-10-01,103065
2016-10-02,99386
2016-10-03,84086
2016-10-04,79380
2016-10-05,79403
2016-10-06,73892
2016-10-07,79737
2016-10-08,94142
2016-10-09,93562
2016-10-10,77691
2016-10-11,73298
2016-10-12,73721
2016-10-13,70643
2016-10-14,79146
2016-10-15,92768
2016-10-16,93951
2016-10-17,76614
2016-10-18,73632
2016-10-19,72931
2016-10-20,73196
2016-10-21,78245
2016-10-22,89857
2016-10-23,90866
2016-10-24,73354
2016-10-25,73074
2016-10-26,72818
2016-10-27,71506
2016-10-28,76876
2016-10-29,90428
2016-10-30,88744
2016-10-31,75988
2016-11-01,85050
2016-11-02,90454
2016-11-03,82525
2016-11-04,85762
2016-11-05,88820
2016-11-06,92150
2016-11-07,83114
2016-11-08,79917
2016-11-09,80077
2016-11-10,72768
2016-11-11,78815
2016-11-12,92716
2016-11-13,98409
2016-11-14,77317
2016-11-15,76651
2016-11-16,81603
2016-11-17,74999
2016-11-18,81854
2016-11-19,94791
2016-11-20,96368
2016-11-21,81536
2016-11-22,80748
2016-11-23,82390
2016-11-24,76479
2016-11-25,86981
2016-11-26,96748
2016-11-27,95628
2016-11-28,79717
2016-11-29,74449
2016-11-30,80680
2016-12-01,84647
2016-12-02,86775
2016-12-03,102429
2016-12-04,103907
2016-12-05,88947
2016-12-06,92700
2016-12-07,88699
2016-12-08,82550
2016-12-09,90723
2016-12-10,100618
2016-12-11,101077
2016-12-12,86093
2016-12-13,85927
2016-12-14,89417
2016-12-15,91525
2016-12-16,99717
2016-12-17,114465
2016-12-18,116289
2016-12-19,106760
2016-12-20,116392
2016-12-21,132060
2016-12-22,138892
2016-12-23,156932
2016-12-24,167542
2016-12-26,105524
2016-12-27,95643
2016-12-28,103717
2016-12-29,102665
2016-12-30,127771
2016-12-31,135568
2017-01-01,1642
2017-01-02,107718
2017-01-03,97185
2017-01-04,91527
2017-01-05,84930
2017-01-06,89963
2017-01-07,102954
2017-01-08,96784
2017-01-09,82111
2017-01-10,79932
2017-01-11,80692
2017-01-12,75691
2017-01-13,84068
2017-01-14,99921
2017-01-15,97107
2017-01-16,84038
2017-01-17,80093
2017-01-18,80984
2017-01-19,74388
2017-01-20,78949
2017-01-21,101813
2017-01-22,96999
2017-01-23,83426
2017-01-24,79149
2017-01-25,79315
2017-01-26,72551
2017-01-27,82681
2017-01-28,97396
2017-01-29,91697
2017-01-30,75086
2017-01-31,82058
2017-02-01,87964
2017-02-02,83067
2017-02-03,88575
2017-02-04,105312
2017-02-05,97630
2017-02-06,84557
2017-02-07,83402
2017-02-08,83891
2017-02-09,77382
2017-02-10,86359
2017-02-11,97213
2017-02-12,93429
2017-02-13,93688
2017-02-14,99371
2017-02-15,80501
2017-02-16,77887
2017-02-17,84398
2017-02-18,101410
2017-02-19,81949
2017-02-20,79470
2017-02-21,79807
2017-02-22,79788
2017-02-23,82795
2017-02-24,89170
2017-02-25,101255
2017-02-26,80860
2017-02-27,79336
2017-02-28,87904
2017-03-01,89799
2017-03-02,86294
2017-03-03,89211
2017-03-04,103055
2017-03-05,97988
2017-03-06,82584
2017-03-07,82315
2017-03-08,86740
2017-03-09,76926
2017-03-10,84691
2017-03-11,97521
2017-03-12,95842
2017-03-13,79887
2017-03-14,78200
2017-03-15,84574
2017-03-16,79030
2017-03-17,87303
2017-03-18,99094
2017-03-19,96738
2017-03-20,85005
2017-03-21,81716
2017-03-22,80140
2017-03-23,77989
2017-03-24,83314
2017-03-25,99235
2017-03-26,92660
2017-03-27,80872
2017-03-28,77666
2017-03-29,81918
2017-03-30,75304
2017-03-31,87034
2017-04-01,113083
2017-04-02,94696
2017-04-03,81294
2017-04-04,84872
2017-04-05,85255
2017-04-06,80775
2017-04-07,85781
2017-04-08,98033
2017-04-09,94617
2017-04-10,81868
2017-04-11,84105
2017-04-12,84052
2017-04-13,90752
2017-04-14,86517
2017-04-15,97165
2017-04-16,90664
2017-04-17,83043
2017-04-18,80334
2017-04-19,78999
2017-04-20,82905
2017-04-21,90055
2017-04-22,101125
2017-04-23,101186
2017-04-24,81901
2017-04-25,82193
2017-04-26,84709
2017-04-27,78971
2017-04-28,87474
2017-04-29,104870
2017-04-30,96514
2017-05-01,106440
2017-05-02,88668
2017-05-03,89713
2017-05-04,81957
2017-05-05,85333
2017-05-06,104203
2017-05-07,103210
2017-05-08,84221
2017-05-09,82345
2017-05-10,83637
2017-05-11,81476
2017-05-12,91482
2017-05-13,121889
2017-05-14,101257
2017-05-15,83716
2017-05-16,85528
2017-05-17,85560
2017-05-18,77561
2017-05-19,86286
2017-05-20,101709
2017-05-21,101626
2017-05-22,84049
2017-05-23,82008
2017-05-24,81879
2017-05-25,78501
2017-05-26,96455
2017-05-27,96509
2017-05-28,94970
2017-05-29,83121
2017-05-30,83210
2017-05-31,93365
2017-06-01,90171
2017-06-02,91840
2017-06-03,106965
2017-06-04,106972
2017-06-05,88273
2017-06-06,84447
2017-06-07,85758
2017-06-08,78500
2017-06-09,87431
2017-06-10,99716
2017-06-11,100856
2017-06-12,81080
2017-06-13,81063
2017-06-14,82752
2017-06-15,81831
2017-06-16,92852
2017-06-17,114201
2017-06-18,99193
2017-06-19,82891
2017-06-20,83508
2017-06-21,82929
2017-06-22,77639
2017-06-23,86346
2017-06-24,99057
2017-06-25,95082
2017-06-26,81443
2017-06-27,79226
2017-06-28,80551
2017-06-29,77922
2017-06-30,88368
2017-07-01,108993
2017-07-02,104392
2017-07-03,90976
2017-07-04,89109
2017-07-05,89085
2017-07-06,82927
2017-07-07,89467
2017-07-08,101349
2017-07-09,97757
2017-07-10,85547
2017-07-11,83071
2017-07-12,84155
2017-07-13,78720
2017-07-14,87671
2017-07-15,100293
2017-07-16,96119
2017-07-17,85477
2017-07-18,82267
2017-07-19,83265
2017-07-20,82423
2017-07-21,88613
2017-07-22,97358
2017-07-23,94170
2017-07-24,85120
2017-07-25,81930
2017-07-26,82113
2017-07-27,78743
2017-07-28,89197
2017-07-29,100227
2017-07-30,94899
2017-07-31,88593
2017-08-01,92083
2017-08-02,93023
2017-08-03,85521
2017-08-04,91305
2017-08-05,101108
2017-08-06,96162
2017-08-07,87072
2017-08-08,83422
2017-08-09,85452
2017-08-10,83064
2017-08-11,89551
2017-08-12,89927
2017-08-13,85993
2017-08-14,85448
2017-08-15,86561
